userId,birthday
960685326425276467,950947200000
593911525396447252,9.544896e+11
806306626779742238,9.571644e+11
369158860906299393,9.47232e+11
897994614139682816,9.70902e+11
301972134471663616,9.664956e+11
814106185615540244,9.724572e+11
930992122004381746,9.499104e+11
842325321990406144,9.468864e+11
804601870454751233,9.525024e+11
942411503980642305,9.510336e+11
884137592910659714,9.776448e+11
952725532590604319,9.620892e+11
817257291081842728,9.482688e+11
836140378985594930,9.630396e+11
706727650663596073,9.766944e+11
942773725491785798,9.530208e+11
799701704521547828,9.54576e+11
883789675200913429,9.568188e+11
751930684679127091,9.693468e+11
920308846809985034,9.7047e+11
751434580460044298,9.777312e+11
937849237545320508,9.571644e+11
762170361486770196,9.655452e+11
969858846015238184,9.737568e+11
925855248902402138,9.739296e+11
986617067547529267,9.608796e+11
889603830738739211,9.749664e+11
958318665755922462,9.537984e+11
982393273446441010,9.58374e+11
949446766187667477,9.734112e+11
969491819014520882,9.715068e+11
978141442524471386,9.469728e+11
501147423603949568,9.469728e+11
850106457471189067,9.470592e+11
883623136883515442,9.471456e+11
814497580679561256,9.471456e+11
536306727482818573,9.473184e+11
968335702620266527,9.473184e+11
864468315756822528,9.474048e+11
940054871686651974,9.477504e+11
929252976256778251,9.477504e+11
748954804298186893,9.478368e+11
829236923951480852,9.482688e+11
569996979086819349,9.484416e+11
888500205287247932,9.484416e+11
847509003214127114,9.484416e+11
892914216976154634,9.487008e+11
830696113291919389,9.487872e+11
978249464030584843,9.4896e+11
926800470616461353,9.49392e+11
900175581193338900,9.49824e+11
916960888861392896,9.499104e+11
809579580318416897,9.499104e+11
885625974887186495,9.501696e+11
970862084692803644,9.50256e+11
817972713188360253,9.510336e+11
528887802386055179,9.513792e+11
933364111885086780,9.513792e+11
911030353949507644,9.517248e+11
125851949131235328,9.518112e+11
828997905025204244,9.521568e+11
963338353644818482,9.526752e+11
954079146932326431,9.533664e+11
776866758933479434,9.537984e+11
927782055645962270,9.540576e+11
964177218660102244,9.544896e+11
927747007857172520,9.546624e+11
923716338474688652,9.54918e+11
698916189962895470,9.550908e+11
772100671271862292,9.550908e+11
938297364387606548,9.550908e+11
896276665397813318,9.554364e+11
883909693976739881,9.563004e+11
782025516668289075,9.564732e+11
943321273575038976,9.565596e+11
798279539158941716,9.56646e+11
869849413592449064,9.5751e+11
737642652329050112,9.575964e+11
822853107871514684,9.582012e+11
960353974798647376,9.58374e+11
929168350544810004,9.584604e+11
949735064374239334,9.584604e+11
405583819786289152,9.584604e+11
947041852127854592,9.585468e+11
902936994156544111,9.587196e+11
898030525573386290,9.589788e+11
923373033194917918,9.591516e+11
949966822273331230,9.591516e+11
968976718545174529,9.591516e+11
392171690672521218,9.593244e+11
884854878751567902,9.593244e+11
793752852367540235,9.593244e+11
921211997406756954,9.594108e+11
795731344784752701,9.594972e+11
786504021417918494,9.595836e+11
909975385301712948,9.600156e+11
789271116433850398,9.601884e+11
727451062729965598,9.602748e+11
938771903328419901,9.602748e+11
903677510821220383,9.604476e+11
888350648935002113,9.604476e+11
777874981072928768,9.60534e+11
961635755107696761,9.606204e+11
320350590091919361,9.607068e+11
947616232646017085,9.608796e+11
899571770334523402,9.610524e+11
901423313551773706,9.611388e+11
933270792421134366,9.613116e+11
939754221807501342,9.61398e+11
929652531934691419,9.6183e+11
933736442356715540,9.6183e+11
927939361037754399,9.619164e+11
830705497798869012,9.619164e+11
907848580092526622,9.620892e+11
952330255622864928,9.621756e+11
773386458475659285,9.62694e+11
624943341003341824,9.628668e+11
883785280023302164,9.629532e+11
731578489588809850,9.630396e+11
876113741157138475,9.63126e+11
954268835127640084,9.632988e+11
952339587135590420,9.632988e+11
884455553361920100,9.634716e+11
857271670876143636,9.634716e+11
957140361208283166,9.636444e+11
355163845330731019,9.637308e+11
944742898707099699,9.637308e+11
955926904169447444,9.638172e+11
818024688122462218,9.638172e+11
753353117419962388,9.639036e+11
969766207785934898,9.640764e+11
916072244504035359,9.642492e+11
870697425453584444,9.64422e+11
863804410521452614,9.645948e+11
946617741744406530,9.64854e+11
751780892585885716,9.651132e+11
706860532195524720,9.65286e+11
873030420919377951,9.654588e+11
926993801581572127,9.655452e+11
892987879423348777,9.65718e+11
928935641587261440,9.659772e+11
976400825532436500,9.660636e+11
619944471726915584,9.664092e+11
853697904529899531,9.664092e+11
690240980925808652,9.66582e+11
822804221425614903,9.669276e+11
745682978822291602,9.671868e+11
962098921482633246,9.675324e+11
807440022282305556,9.677916e+11
871906778684747778,9.67878e+11
797727287968923649,9.679644e+11
750469279131893760,9.679644e+11
822624645374279713,9.681372e+11
498134028768116736,9.683964e+11
938612713901396029,9.684828e+11
813983780452171806,9.684828e+11
903991458472800297,9.688284e+11
892462297962926130,9.690012e+11
860523345890902018,9.690876e+11
817975261748002836,9.69174e+11
725034380061442058,9.692604e+11
865665545646899222,9.694332e+11
766085113514950688,9.694332e+11
871119390551183391,9.695196e+11
821207737253494804,9.701244e+11
862420898852896797,9.702972e+11
925757921869070336,9.705564e+11
982551055231492136,9.707292e+11
677085534920900650,9.710748e+11
911739781048827964,9.711612e+11
853995029643264030,9.711612e+11
917903365453779074,9.71334e+11
851599010308423710,9.719388e+11
897553187723182120,9.720252e+11
869067139938664460,9.722844e+11
834910688983384156,9.722844e+11
908168554409496596,9.724572e+11
784535670932373515,9.7263e+11
801027228208726046,9.727164e+11
909520793241813024,9.728928e+11
870252602238066708,9.73152e+11
828145876873641985,9.73584e+11
939127356931600434,9.738432e+11
934907505946021939,9.739296e+11
881406978969174038,9.74016e+11
815144239893577728,9.74016e+11
848601063485472818,9.74448e+11
342990951834189824,9.74448e+11
943133386329968712,9.747936e+11
905204204241584161,9.75312e+11
815994799769124874,9.755712e+11
876897882173739018,9.759168e+11
667192664202149898,9.759168e+11
887128769071038464,9.76176e+11
890997720930721823,9.763488e+11
889639434927095869,9.763488e+11
805802130064670751,9.766944e+11
707976108104220673,9.768672e+11
970360770036641852,9.769536e+11
901092878376386600,9.773856e+11
740133215687409674,9.77472e+11
825749318140166144,9.77904e+11
986737571369480232,9.547452e+11
716005462654320741,9.507744e+11
753493140681523260,9.482688e+11
942122987149230191,9.645948e+11
723587327343067187,9.559548e+11
808534409136701472,9.488736e+11
713234483972669451,9.723708e+11
861765725429039104,9.739296e+11
943284431312023552,9.780768e+11
988711957244821514,9.684828e+11
465650873650118659,9.639036e+11
906540161251303465,9.743616e+11
885786249867177984,9.54918e+11
964698414837272587,9.74016e+11
986242698744823808,9.50256e+11
993145412233994330,9.6399e+11
994034635988287619,9.638172e+11
781227238745833513,9.769536e+11
999713824611512390,9.492192e+11
856553597352148992,9.73584e+11
996092350944247878,9.671004e+11
716784769874133042,9.663228e+11
466350927800958976,9.742752e+11
886741601928486914,9.491328e+11
962530967799619584,9.67878e+11
933714145109491722,9.730656e+11
978325559807459398,9.72198e+11
456109470284644362,9.552636e+11
1000385188460773466,9.491328e+11
830973274720174100,9.468864e+11
1005415001877655563,9.7047e+11
783417366708486154,9.483552e+11
934212646696259634,9.76176e+11
947582240353812580,9.64854e+11
675462080488407040,9.544032e+11
967186748553695242,9.750528e+11
658623086266023967,9.5112e+11
931498801468936222,9.512928e+11
880972339339223122,9.486144e+11
745024269255442454,9.529344e+11
1018935880792166420,9.671004e+11
993504739373363240,9.508608e+11
983097023261712524,9.634716e+11
969459597867896853,9.551772e+11
699310108693495851,9.681372e+11
998018739817693205,9.536256e+11
1026133045343953008,9.747936e+11
1013502860090155080,9.54144e+11
1004202436807897099,9.703836e+11
1042061436236611645,9.590652e+11
888458203577327686,9.51984e+11
1013685906139533385,9.664092e+11
940514631636631593,9.499968e+11
616678407253655612,9.561276e+11
1043477069914452049,9.5112e+11
447224284243427329,9.484416e+11
840804417476362270,9.561276e+11
929838053332246549,9.781632e+11
766382066852954192,9.518976e+11
1050487602412789821,9.680508e+11
885464067240779816,9.47232e+11
1032714210133688380,9.689148e+11
1056146445889183796,9.614844e+11
1047295595074830336,9.500832e+11
1003207378184982538,9.47232e+11
1043104995194716170,9.743616e+11
923369644520247296,9.606204e+11
1032574355516969002,9.540576e+11
1002390101227208714,9.584604e+11
1058975267713982565,9.531072e+11
980743925180530708,9.624348e+11
795057210940981318,9.499104e+11
812841462248767499,9.724572e+11
1037356055933497364,9.772992e+11
587719422643535873,9.659772e+11
1066473378816467054,9.732384e+11
1027400955249041480,9.639036e+11
1043228779876716584,9.564732e+11
858058607731146762,9.513792e+11
838060361894068264,9.548316e+11
971147645475258368,9.539712e+11
936056120420761611,9.550908e+11
1041288670570889297,9.671868e+11
952332159979503677,9.573372e+11
708153903425912952,9.77472e+11
345756943450898433,9.702972e+11
692453290427941005,9.737568e+11
654102447320596510,9.629532e+11
722597580214632461,9.533664e+11
476907947277025295,9.555228e+11
349328356338302976,9.561276e+11
443126436157456394,9.530208e+11
758788702389403648,9.556092e+11
478752726612967435,9.578556e+11
836048120718688266,9.590652e+11
796537667218178119,9.667548e+11
1083891438393233568,9.63126e+11
1048169103950614638,9.733248e+11
1081648317823463488,9.712476e+11
1065061496842879017,9.685692e+11
804529541716508694,9.542304e+11
1053901402772078652,9.682236e+11
1000032163414163476,9.573372e+11
1085892495470239834,9.656316e+11
893146906329501756,9.693468e+11
1013149541035425878,9.782496e+11
1006707714803650590,9.638172e+11
1064576791051776010,9.69606e+11
1064167725800370176,9.467136e+11
914058373857706034,9.633852e+11
1096401339996717108,9.772128e+11
1073783318799196301,9.5328e+11
1050421303775080469,9.561276e+11
816328583810383922,9.572508e+11
1068941746026852423,9.629532e+11
1083443026149519411,9.76608e+11
1066726987139391579,9.7263e+11
812796288666959892,9.509472e+11
975232564270886983,9.711612e+11
922956516624052285,9.646812e+11
996471123623546890,9.544032e+11
697750438887555072,9.569916e+11
1100069245565546506,9.664956e+11
1073834635320107059,9.782496e+11
936771696575262751,9.642492e+11
1089986976888918158,9.612252e+11
959020201540718596,9.632124e+11
886181760587665468,9.645084e+11
1092800350383255612,9.55782e+11
1079749357789786193,9.64854e+11
993247623265914880,9.658044e+11
1083189908992163871,9.715068e+11
882843628907671562,9.539712e+11
736566913597177907,9.638172e+11
1099193351531671659,9.619164e+11
1111663268134662224,9.538848e+11
892147474091888680,9.76176e+11
986427592972308490,9.654588e+11
160794456004624385,9.696924e+11
924667929142919209,9.734112e+11
1097067552926076989,9.709884e+11
1121177427327058010,9.720252e+11
1122221632916815882,9.702108e+11
893610763137200148,9.620028e+11
925962397926182942,9.484416e+11
792776499777896460,9.503424e+11
1124390303269408889,9.74016e+11
1124127967208018022,9.632124e+11
793268834739159060,9.74448e+11
946646420834906114,9.715932e+11
948342978169151488,9.633852e+11
700324066128822334,9.504288e+11
1076338388547928064,9.550044e+11
1013593008232476723,9.575964e+11
1124112953550053378,9.651132e+11
1048569035022934036,9.742752e+11
1129738558324883587,9.719388e+11
824775420070199346,9.758304e+11
1044373961502367754,9.646812e+11
971870039772901436,9.673596e+11
982494441766010930,9.672732e+11
958360658238382112,9.473184e+11
1029865425397354536,9.76176e+11
966845743635787846,9.51984e+11
1015670876827553792,9.494784e+11
1052253666414972938,9.725436e+11
1088634101977845770,9.499968e+11
1107924271386333314,9.52848e+11
1099709536585138217,9.664956e+11
1089269275040174080,9.539712e+11
1134924437876129943,9.732384e+11
974006072497020928,9.736704e+11
1145995037423968386,9.564732e+11
1124005776114061393,9.755712e+11
1074110463111090256,9.676188e+11
1024785963756560394,9.559548e+11
931805733807329331,9.772128e+11
747208441155813386,9.514656e+11
1112116656794255413,9.555228e+11
1155432498612932669,9.663228e+11
975433081060216843,9.625212e+11
1108729730758344704,9.480096e+11
992644193849716766,9.591516e+11
1161920897809129473,9.520704e+11
1130970063512535050,9.544032e+11
970352694827036712,9.582876e+11
1086855977401340016,9.602748e+11
966731025155768351,9.736704e+11
962594606879502356,9.47664e+11
910537967473414174,9.61398e+11
1142887920366260397,9.747936e+11
1173460045850214472,9.61398e+11
1113241385689161819,9.636444e+11
1048366042130415647,9.76608e+11
1143672078898315364,9.501696e+11
882437468899659797,9.688284e+11
1123479840306241546,9.54144e+11
832341844695711804,9.548316e+11
1202014923660730442,9.501696e+11
1059181289560875038,9.702972e+11
1138800113318383688,9.747936e+11
1214577235223257171,9.62262e+11
969983248384032890,9.526752e+11
1191169941299282048,9.53712e+11
1221863172538110112,9.57078e+11
1173287717853986840,9.727164e+11
791344978529091624,9.637308e+11
1113449820229730314,9.582876e+11
1072593794123452567,9.499968e+11
965324768712736809,9.58806e+11
1152295675254550558,9.493056e+11
1158434359259430982,9.538848e+11
1129051334302236683,9.620028e+11
1222277835746574339,9.659772e+11
245692567172284416,9.64422e+11
1113794793588396115,9.666684e+11
998373604288892948,9.752256e+11
1106896766873391185,9.547452e+11
1209356657746771992,9.73152e+11
1085080386217967656,9.480096e+11
1089260336441471157,9.5967e+11
1076529106793009182,9.508608e+11
947300599119085618,9.51552e+11
1234432274670555207,9.76176e+11
878870207182032906,9.627804e+11
1117584772793897061,9.588924e+11
1071461349328175306,9.4896e+11
1236077514103853089,9.523296e+11
904008772446453781,9.581148e+11
1114332546755465288,9.780768e+11
929654937565155359,9.710748e+11
1236391959535550524,9.520704e+11
986011723448328284,9.645084e+11
1091538778444808202,9.671004e+11
1227230559751639115,9.718524e+11
1084799653771481108,9.6831e+11
1069059534435389460,9.599292e+11
582536628904394762,9.638172e+11
872829194210512987,9.6831e+11
1159667407841927188,9.483552e+11
1247109607864664156,9.494784e+11
1238867447944056856,9.525024e+11
1181335824424509563,9.654588e+11
1169915475518558318,9.490464e+11
1236647018420502570,9.54144e+11
961988895829012540,9.69174e+11
1089619893902651502,9.508608e+11
1162165396988764241,9.65718e+11
1147045357658853428,9.513792e+11
1212163717655961695,9.616572e+11
778641350006013982,9.73152e+11
949815669023703050,9.756576e+11
570621131652988953,9.779904e+11
1189442227827654677,9.572508e+11
703924532959772682,9.5967e+11
988803994161905705,9.604476e+11
1201179652488699985,9.483552e+11
808282311887159326,9.483552e+11
1224875525890375863,9.54144e+11
1197350521116311742,9.479232e+11
